sequence,cityId,nameJa,nameEn,prefectureId,file,atlas,row,column,sha256
1,CTY-005,秋田市,Akita,PRF-005,assets/app/life/cities/CTY-005.jpg,1,1,1,0cac94168dd4fe7f74ea758eadd2b4516363b9546bd200536903f2d34498b951
2,CTY-001,札幌市,Sapporo,PRF-001,assets/app/life/cities/CTY-001.jpg,1,1,2,394a95d7b4b7605f2c1661f45568543f0b385bd7a4957bef7330e39274ecca5f
3,CTY-002,青森市,Aomori,PRF-002,assets/app/life/cities/CTY-002.jpg,1,1,3,b256ff4b3b69f4d8da0d37215b305893c072753f2a52702f41ad21edb11a427a
4,CTY-003,盛岡市,Morioka,PRF-003,assets/app/life/cities/CTY-003.jpg,1,1,4,14b808dc7fed4f2527f9aa5d7dee007eca75476dae254f91f03ec0b37327fcb2
5,CTY-004,仙台市,Sendai,PRF-004,assets/app/life/cities/CTY-004.jpg,1,2,1,5ecfc449712405142a721d05a042c5ac138aedbe1426b067de721550ebe2476a
6,CTY-006,山形市,Yamagata,PRF-006,assets/app/life/cities/CTY-006.jpg,1,2,2,dbc6fa579fc0359c28272f1e7d334378755a5bccc2c405087c6d5f2130217f27
7,CTY-007,福島市,Fukushima,PRF-007,assets/app/life/cities/CTY-007.jpg,1,2,3,3acb5572a5e5d1ed770c2262a48ce6b15659c67487b8e739bf087afc829a5117
8,CTY-008,水戸市,Mito,PRF-008,assets/app/life/cities/CTY-008.jpg,1,2,4,732b311467c8ea1403126a8f6d76df288ae4edb3b3e74de38000a4f080a6c473
9,CTY-010,前橋市,Maebashi,PRF-010,assets/app/life/cities/CTY-010.jpg,1,3,1,dafcda05ae7f3a3aaa778d61da0d86451dbdd312c6b4823a49853fd81877b1e2
10,CTY-012,千葉市,Chiba,PRF-012,assets/app/life/cities/CTY-012.jpg,1,3,2,5d43534630ca8fedfe63ada94776028622f578ed16d5f6a08155860eb2fe9bcb
11,CTY-009,宇都宮市,Utsunomiya,PRF-009,assets/app/life/cities/CTY-009.jpg,1,3,3,615b0e4a5e1385f1dd0fbd844b747972e44603e490fb31e522abd9bed300cb59
12,CTY-013,東京都新宿区,Tokyo (Shinjuku),PRF-013,assets/app/life/cities/CTY-013.jpg,1,3,4,71c7a0ed1bea658d9fdf28098cbe1a9fe53fcf2db5383b21a9aa801f6a7b6580
13,CTY-011,さいたま市,Saitama,PRF-011,assets/app/life/cities/CTY-011.jpg,1,4,1,058f250eafad6552f9386aa7b18ae8bef0763d1fe36947ec9a2b7c845054adee
14,CTY-014,横浜市,Yokohama,PRF-014,assets/app/life/cities/CTY-014.jpg,1,4,2,320f551c065d320ddcc7e20f33db8ca46229560ebbc7a0368193e73a59aaa495
15,CTY-015,新潟市,Niigata,PRF-015,assets/app/life/cities/CTY-015.jpg,1,4,3,db6cec5807a41e3bee00f69a3ec38c8ff12d55603dedc3ce45cc6bcb42a9a2bc
16,CTY-016,富山市,Toyama,PRF-016,assets/app/life/cities/CTY-016.jpg,1,4,4,e66892f186b467cb64475bdc652754fbe6c1179be72d28a22b582945d9f43562
17,CTY-018,福井市,Fukui,PRF-018,assets/app/life/cities/CTY-018.jpg,2,1,1,7273c5193ac481fa1b5a1fbb0d157ee9cbba49ae8e7aa2ccef5831215523916e
18,CTY-019,甲府市,Kofu,PRF-019,assets/app/life/cities/CTY-019.jpg,2,1,2,cbcbdfc00e8b7ee13fb7b203576e8fcbe7debf2f637fb1cac733b4cd51bae2f9
19,CTY-017,金沢市,Kanazawa,PRF-017,assets/app/life/cities/CTY-017.jpg,2,1,3,49bdc39837beb8e3dba8c70d3ec53a13e6ed44e7072407b97244b26d2c7e1cea
20,CTY-021,岐阜市,Gifu,PRF-021,assets/app/life/cities/CTY-021.jpg,2,1,4,779c4abe28c1c0c6921fa6f71c95ec0c1daef9c5efee791b20eee94ee879424b
21,CTY-020,長野市,Nagano,PRF-020,assets/app/life/cities/CTY-020.jpg,2,2,1,19ae34558de4005d2cb65e64108b69a960151e52c5c06e20096bf41dcd583f60
22,CTY-022,静岡市,Shizuoka,PRF-022,assets/app/life/cities/CTY-022.jpg,2,2,2,ebc92c6cad0492d61e40a686bc554623592658d863a8da9e2a20ab8123c7267a
23,CTY-023,名古屋市,Nagoya,PRF-023,assets/app/life/cities/CTY-023.jpg,2,2,3,706bbb04b4aab611af62f346ea58410c29cfe61d0d297586c945a522c3a0ee8f
24,CTY-024,津市,Tsu,PRF-024,assets/app/life/cities/CTY-024.jpg,2,2,4,a9f0400f040c8ac41a7cd8f8fd6bfda7fab3f35d63d4e67add3035f183de902e
25,CTY-026,京都市,Kyoto,PRF-026,assets/app/life/cities/CTY-026.jpg,2,3,1,2292d3ec8a935d22cef81b0b4d3eab966e49eb198d9e5cbd4d647c316a9e9f15
26,CTY-029,奈良市,Nara,PRF-029,assets/app/life/cities/CTY-029.jpg,2,3,2,ae911e3a4178d180504a3dde1646f5c1a81a3a34bfd7c9879becc2dba15e0fe5
27,CTY-027,大阪市,Osaka,PRF-027,assets/app/life/cities/CTY-027.jpg,2,3,3,26b6b7b2d63d918153e190029fe4227f40bece8e5e954d56856855f2a78bfd8f
28,CTY-028,神戸市,Kobe,PRF-028,assets/app/life/cities/CTY-028.jpg,2,3,4,2835b79ad4265e6c10496b36b70fc174f52dd46aaffa7c9fd1538cbb60322473
29,CTY-025,大津市,Otsu,PRF-025,assets/app/life/cities/CTY-025.jpg,2,4,1,6a87d8dbd9ebc4968664b1099abeea5ebaca9a3721e2d8157d7bdd15a15901cd
30,CTY-030,和歌山市,Wakayama,PRF-030,assets/app/life/cities/CTY-030.jpg,2,4,2,45c9f5ed97abba6c48781be36a9e237016492ac4749ca77aac8bc6ee6538553b
31,CTY-031,鳥取市,Tottori,PRF-031,assets/app/life/cities/CTY-031.jpg,2,4,3,6b1da5c5b942d1f040062ff0c897ff60761559b797323e682140205dd628ae1a
32,CTY-032,松江市,Matsue,PRF-032,assets/app/life/cities/CTY-032.jpg,2,4,4,e366b0f899c2372535921a6bbe39341df32f1e512219775af520dc2aff2f8174
33,CTY-035,山口市,Yamaguchi,PRF-035,assets/app/life/cities/CTY-035.jpg,3,1,1,4e010fd317099c6c2400d13a71d19a664351943433f38d53716afe5d8ffd5ddb
34,CTY-033,岡山市,Okayama,PRF-033,assets/app/life/cities/CTY-033.jpg,3,1,2,c1d4fa79774d1f5b58e54592f58fc3fc332644a282d037b8f5c3f0bf9dc3d238
35,CTY-034,広島市,Hiroshima,PRF-034,assets/app/life/cities/CTY-034.jpg,3,1,3,352984624349874a7922f71d5615d27f7750df8dfb9bc0da000502fa94a42075
36,CTY-037,高松市,Takamatsu,PRF-037,assets/app/life/cities/CTY-037.jpg,3,1,4,84c272cd8005894f177175d12c5fa8469ac7dfc03b9f310b1d7d17bba5869134
37,CTY-036,徳島市,Tokushima,PRF-036,assets/app/life/cities/CTY-036.jpg,3,1,5,bae8f0111946f21aa160599d196fc28c4e8fc49f29fc754242bb6f5f186ded13
38,CTY-038,松山市,Matsuyama,PRF-038,assets/app/life/cities/CTY-038.jpg,3,1,6,003a8cb015ed564142dc09c3ca1d520d3454789db9f161b26918b9292c418295
39,CTY-040,福岡市,Fukuoka,PRF-040,assets/app/life/cities/CTY-040.jpg,3,2,1,4eb6188413bba8e645b4b36bd12d14a35b223ffb566e8a7e3915b5786ff200e5
40,CTY-039,高知市,Kochi,PRF-039,assets/app/life/cities/CTY-039.jpg,3,2,2,0812639776ad5fd5da7e0ddf4858fa30322fcbd8821c2cbb998c3b09fc9cec68
41,CTY-042,長崎市,Nagasaki,PRF-042,assets/app/life/cities/CTY-042.jpg,3,2,3,b945cf9c6284ef9fe63da045c2b0e4e0781ed7a8072f0c598cfd949fc55ea949
42,CTY-043,熊本市,Kumamoto,PRF-043,assets/app/life/cities/CTY-043.jpg,3,2,4,14dee6e544264b66729964997594f7511d80ef42d73caf6882860cab32e72d0d
43,CTY-044,大分市,Oita,PRF-044,assets/app/life/cities/CTY-044.jpg,3,2,5,30f7e1abae55251f7ea3be60302e3c7ee0c2176e52f1300fe763032fef3a2a5c
44,CTY-045,宮崎市,Miyazaki,PRF-045,assets/app/life/cities/CTY-045.jpg,3,2,6,f57df789f8666732045917ef198fd276cde6d8514997e88f70ae481ae6c5c969
45,CTY-041,佐賀市,Saga,PRF-041,assets/app/life/cities/CTY-041.jpg,3,3,1,0b50a54183773c1a62d74aabbfd95ad6c3467a81a478e438e631dbeacc2448c5
46,CTY-046,鹿児島市,Kagoshima,PRF-046,assets/app/life/cities/CTY-046.jpg,3,3,2,5ee89a5f1e47cb79b6fadd0b45eca01c1a8ddcb117cabda4b66a79f5bde1f48e
47,CTY-047,那覇市,Naha,PRF-047,assets/app/life/cities/CTY-047.jpg,3,3,3,3de1ad6257a7a4d163ee003501b3821f4356bb81fd8adfb4e689c51c568389ad
48,CTY-KNG-ODAWARA,小田原市,Odawara,PRF-014,assets/app/life/cities/CTY-KNG-ODAWARA.jpg,3,3,4,58221245c64130c06e745c42f997e232d861173caebab5edae22a9eedfbd4f55
49,CTY-TKY-SETAGAYA,世田谷区,Setagaya,PRF-013,assets/app/life/cities/CTY-TKY-SETAGAYA.jpg,3,3,5,f4cb05289619121d917fb5208e213af62d9bfd45e63021f3e8d844a883d148e1
50,CTY-KNG-KAMAKURA,鎌倉市,Kamakura,PRF-014,assets/app/life/cities/CTY-KNG-KAMAKURA.jpg,3,3,6,df9b2a13f46c36ff8928246e2f65ac819d9e30d73d37475daa54d38d6f045b8c
51,CTY-TKY-UENO,上野,Ueno,PRF-013,assets/app/life/cities/CTY-TKY-UENO.jpg,3,4,1,337bb360302d949abf6f3aa1a006f4c32bd867fc237b8cb277f7ba4913e6e941
52,CTY-TKY-SHIBUYA,渋谷区,Shibuya,PRF-013,assets/app/life/cities/CTY-TKY-SHIBUYA.jpg,3,4,2,0b15976fa4b73d7178834112e3cf4318012c9ec2a79de3976488d424ce3d1839
53,CTY-TKY-MINATO,港区,Minato,PRF-013,assets/app/life/cities/CTY-TKY-MINATO.jpg,3,4,3,9517c74a4f49b1c9757f1db004a329fc79b06066dc2ff4cf9dc96acab1a0ec01
54,CTY-TKY-CHUO,中央区,Chuo,PRF-013,assets/app/life/cities/CTY-TKY-CHUO.jpg,3,4,4,b38e0bf1f6d58221f8ee8f5a52baa10a980598332c15b65ba98cb8cee9d58c2f
55,CTY-TKY-TAITO,台東区,Taito,PRF-013,assets/app/life/cities/CTY-TKY-TAITO.jpg,3,4,5,3ec9965f0e10b1115e07fe43fc9f74145bd2a2abb5c014bdb9882b22b26e9904
56,CTY-TKY-SUGINAMI,杉並区,Suginami,PRF-013,assets/app/life/cities/CTY-TKY-SUGINAMI.jpg,3,4,6,7349326bf7d62b0315a5650737a2f59779cb23a6e92bf7bc5fd78ee1589ec573
57,CTY-TKY-KOTO,江東区,Koto,PRF-013,assets/app/life/cities/CTY-TKY-KOTO.jpg,3,5,1,86b6cee7579ae68dbceae0c55988cc445d443eca4da1dcf0f487f74e8985c221
58,CTY-TKY-OTA,大田区,Ota,PRF-013,assets/app/life/cities/CTY-TKY-OTA.jpg,3,5,2,e5290421b8a1bdc940d458692768f18db306cca5d7802b0716d8561cd533508f
59,CTY-TKY-ITABASHI,板橋区,Itabashi,PRF-013,assets/app/life/cities/CTY-TKY-ITABASHI.jpg,3,5,3,5d88843b7132505fd636a4098055f51afbbfdf8042e2532fd972bd391e5f4f6b
60,CTY-TKY-HACHIOJI,八王子市,Hachioji,PRF-013,assets/app/life/cities/CTY-TKY-HACHIOJI.jpg,3,5,4,573f7d83e1b48067ae51653ab987ac787dea58645ea37a4d0c9b7b2fd2d2ea2b
61,CTY-TKY-MACHIDA,町田市,Machida,PRF-013,assets/app/life/cities/CTY-TKY-MACHIDA.jpg,3,5,5,5a5a1dc72bf85f7f4d7e79513976bf418af485edda78d10a8f44b647e6d9bba7
62,CTY-TKY-MITAKA,三鷹市,Mitaka,PRF-013,assets/app/life/cities/CTY-TKY-MITAKA.jpg,3,5,6,d8299a945e7dc81a2b8d8df52ccd5d8e482afb15dbeedbe6d544dfaa8dbff622
63,CTY-KNG-KAWASAKI,川崎市,Kawasaki,PRF-014,assets/app/life/cities/CTY-KNG-KAWASAKI.jpg,3,6,1,19ea6b861a95a61060fd6f68c82693b33a5031b25c5c4fbfcbaef9b583479be3
64,CTY-KNG-FUJISAWA,藤沢市,Fujisawa,PRF-014,assets/app/life/cities/CTY-KNG-FUJISAWA.jpg,3,6,2,e284c21a1266ad4a7802fa46683b3588d5a89440ce46dec31269b23a69d2a3cf
65,CTY-KNG-YOKOSUKA,横須賀市,Yokosuka,PRF-014,assets/app/life/cities/CTY-KNG-YOKOSUKA.jpg,3,6,3,d93fe7af47341fbe6db496dee39da7b0144194300c4ddd0517b749edb6b6fe87
66,CTY-KNG-ATSUGI,厚木市,Atsugi,PRF-014,assets/app/life/cities/CTY-KNG-ATSUGI.jpg,3,6,4,169d16cef864609d928b43f0e7fb80055165e96940af6ebe105da04c2481f105
67,CTY-KNG-HIRATSUKA,平塚市,Hiratsuka,PRF-014,assets/app/life/cities/CTY-KNG-HIRATSUKA.jpg,3,6,5,9de9303c2d0162e591b9ec9289b9f267d6ac30c104754ee3180eebccdf728ada
68,CTY-KNG-EBINA,海老名市,Ebina,PRF-014,assets/app/life/cities/CTY-KNG-EBINA.jpg,3,6,6,a2323084e85e0ad527c9785527cd7cfa2dc138009046483108aacca959eb732e
69,CTY-SIT-KAWAGOE,川越市,Kawagoe,PRF-011,assets/app/life/cities/CTY-SIT-KAWAGOE.jpg,4,1,1,57d8daeb1f0dd1636436ca36acb6c330f8dc8c6d4440bd27a2442e5bdd3cce19
70,CTY-SIT-KAWAGUCHI,川口市,Kawaguchi,PRF-011,assets/app/life/cities/CTY-SIT-KAWAGUCHI.jpg,4,1,2,8e7b3498f03665d3f8e7950dc3c6116f518e5db919688647b8d697538f18195b
71,CTY-SIT-TOKOROZAWA,所沢市,Tokorozawa,PRF-011,assets/app/life/cities/CTY-SIT-TOKOROZAWA.jpg,4,1,3,bcb0b09df8ff55c14f4199d7da9b9ee8a354a61b415cef0054d4b9f9db65a78d
72,CTY-SIT-KOSHIGAYA,越谷市,Koshigaya,PRF-011,assets/app/life/cities/CTY-SIT-KOSHIGAYA.jpg,4,1,4,3d38e41e5469812c6632c571dcf5c50f398e731510bd2ba664a2d506d67affad
73,CTY-SIT-KASUKABE,春日部市,Kasukabe,PRF-011,assets/app/life/cities/CTY-SIT-KASUKABE.jpg,4,1,5,7789da50fe534008cde2bb7b2ae6edf82c6576a1809be08255241d815519180d
74,CTY-CHB-FUNABASHI,船橋市,Funabashi,PRF-012,assets/app/life/cities/CTY-CHB-FUNABASHI.jpg,4,1,6,edf912f497daf660bb04b5be8808fa43037f13fbbbd8068cec528739652d8bfb
75,CTY-CHB-KASHIWA,柏市,Kashiwa,PRF-012,assets/app/life/cities/CTY-CHB-KASHIWA.jpg,4,2,1,101896ebfb1d1e3436455650882a19100d898b211f5e16462275da5b9f7915c6
76,CTY-CHB-ICHIKAWA,市川市,Ichikawa,PRF-012,assets/app/life/cities/CTY-CHB-ICHIKAWA.jpg,4,2,2,e4ef16b60f802ea8d5890eecb86ada1e10794c2786d1a5bb0b04bbb76888f15a
77,CTY-CHB-NARITA,成田市,Narita,PRF-012,assets/app/life/cities/CTY-CHB-NARITA.jpg,4,2,3,f98c11d116bde1458e91c04ae83adf78d6393c1ac2fad5d380c346348c24496e
78,CTY-CHB-KISARAZU,木更津市,Kisarazu,PRF-012,assets/app/life/cities/CTY-CHB-KISARAZU.jpg,4,2,4,02a7742634e9436fcea1754b7f09e44e82ce2c011c3ccd0179af9620eac2b743
79,CTY-IBR-TSUKUBA,つくば市,Tsukuba,PRF-008,assets/app/life/cities/CTY-IBR-TSUKUBA.jpg,4,2,5,b8a15e66dd3b42016867ac8b4b3f9206beff9ccc21c0d81fecc6ab8b57a0503f
80,CTY-IBR-HITACHI,日立市,Hitachi,PRF-008,assets/app/life/cities/CTY-IBR-HITACHI.jpg,4,2,6,4c0da7d46214939753f46534f6bfab41d8db2afd8680db3efe5fdcad1cc369a8
81,CTY-IBR-TSUCHIURA,土浦市,Tsuchiura,PRF-008,assets/app/life/cities/CTY-IBR-TSUCHIURA.jpg,4,3,1,f35bfc0abe1f43eaeab1e82e214d5eb7ad215b47ce3f2a4efb422d8686053aef
82,CTY-TCG-NIKKO,日光市,Nikko,PRF-009,assets/app/life/cities/CTY-TCG-NIKKO.jpg,4,3,2,f62a18f597678d2052f74c82e23ee66cf729187585f35aa157823733557fb8a2
83,CTY-TCG-OYAMA,小山市,Oyama,PRF-009,assets/app/life/cities/CTY-TCG-OYAMA.jpg,4,3,3,d2e9193caac2e8bf70325713971f4d141046159cc7a2b2a6110f5c09c0c92953
84,CTY-GNM-TAKASAKI,高崎市,Takasaki,PRF-010,assets/app/life/cities/CTY-GNM-TAKASAKI.jpg,4,3,4,e494166f390d74d81f26e2bbb91c5fe9a012e8e74080336d4e661e61d3f727e2
85,CTY-GNM-KIRYU,桐生市,Kiryu,PRF-010,assets/app/life/cities/CTY-GNM-KIRYU.jpg,4,3,5,5da4b4cdb469cf09132aee67452c9b44ce2093c05867a2df1db6d41dc70a5f8c
86,CTY-OSK-SAKAI,堺市,Sakai,PRF-027,assets/app/life/cities/CTY-OSK-SAKAI.jpg,4,3,6,fddf5659dbcc8ba175be4c97f81c4e7a11f34aadf9695bbe0660658da984d223
87,CTY-OSK-HIGASHIOSAKA,東大阪市,Higashiosaka,PRF-027,assets/app/life/cities/CTY-OSK-HIGASHIOSAKA.jpg,4,4,1,b1225c60183a96f401601c52b801fd296dc93f001491c6881943fe486c3d776d
88,CTY-OSK-TOYONAKA,豊中市,Toyonaka,PRF-027,assets/app/life/cities/CTY-OSK-TOYONAKA.jpg,4,4,2,11bed1e8191689ef2e541dc75b967d68ab91936fdfa8c263e109da50c444eb05
89,CTY-OSK-SUITA,吹田市,Suita,PRF-027,assets/app/life/cities/CTY-OSK-SUITA.jpg,4,4,3,9a038101caf8a236c1101120dd3f7574cd3f03f0565b99a84ce1d21cf0340880
90,CTY-OSK-HIRAKATA,枚方市,Hirakata,PRF-027,assets/app/life/cities/CTY-OSK-HIRAKATA.jpg,4,4,4,5a42d57f411f4af49735146e8ea70eb5f15d972b8c157fe0b3a0697be1ca9f2d
91,CTY-OSK-TAKATSUKI,高槻市,Takatsuki,PRF-027,assets/app/life/cities/CTY-OSK-TAKATSUKI.jpg,4,4,5,f40074c03eb97c87863787d476a7165e92e23b18d6f7b07aa4e97e231a37eae5
92,CTY-KYT-UJI,宇治市,Uji,PRF-026,assets/app/life/cities/CTY-KYT-UJI.jpg,4,4,6,edf955edcb1117d9a837a4f669d6ccd1b485b1c11e765984984ccbeb21e11055
93,CTY-KYT-MAIZURU,舞鶴市,Maizuru,PRF-026,assets/app/life/cities/CTY-KYT-MAIZURU.jpg,4,5,1,8be184e68532f50cb81ec5b0637fad654e8be7edaa373e06cb8c79586e8f58ee
94,CTY-KYT-KAMEOKA,亀岡市,Kameoka,PRF-026,assets/app/life/cities/CTY-KYT-KAMEOKA.jpg,4,5,2,2488fa6e7a7a51dc1a58d05089b75ecaa5e194a53cb309f6230e681b27ec40fd
95,CTY-KYT-FUKUCHIYAMA,福知山市,Fukuchiyama,PRF-026,assets/app/life/cities/CTY-KYT-FUKUCHIYAMA.jpg,4,5,3,3157fd352f51515d268199f0ec06ce15cc1c8513f64f20558a0e93d9d21d0e48
96,CTY-HYG-HIMEJI,姫路市,Himeji,PRF-028,assets/app/life/cities/CTY-HYG-HIMEJI.jpg,4,5,4,0c531de768a3ab748429f58c22f9aa93899be8991553aa1d1e9ed58098997cf8
97,CTY-HYG-NISHINOMIYA,西宮市,Nishinomiya,PRF-028,assets/app/life/cities/CTY-HYG-NISHINOMIYA.jpg,4,5,5,09b2b48eda64e27b622ce146d1cae4485fc50c184353b53dcf78e72dd1bc5424
98,CTY-HYG-AMAGASAKI,尼崎市,Amagasaki,PRF-028,assets/app/life/cities/CTY-HYG-AMAGASAKI.jpg,4,5,6,16f604de464c830145fed83c43b8074f71d2012426b6fea9d0668e13d473f4fe
99,CTY-HYG-AKASHI,明石市,Akashi,PRF-028,assets/app/life/cities/CTY-HYG-AKASHI.jpg,4,6,1,0dc3ea9de30453c303f0befe90666bea1c1f982e6333069c850c397209e3ab8c
100,CTY-HYG-TOYOKA,豊岡市,Toyooka,PRF-028,assets/app/life/cities/CTY-HYG-TOYOKA.jpg,4,6,2,cf586af712673a2c1aad2a947b4b45623e5920da481f4df9b1e207d2861037a4
101,CTY-NAR-IKOMA,生駒市,Ikoma,PRF-029,assets/app/life/cities/CTY-NAR-IKOMA.jpg,4,6,3,7001fa4b20881e578118537fa44ef2c3df0b31cc6716b2685973f449294a220c
102,CTY-NAR-KASHIHARA,橿原市,Kashihara,PRF-029,assets/app/life/cities/CTY-NAR-KASHIHARA.jpg,4,6,4,8ce76d9698ed9c266ee04fde4bf9bff515a99fdce11eadd5cbefe700eb425de2
103,CTY-SHG-HIKONE,彦根市,Hikone,PRF-025,assets/app/life/cities/CTY-SHG-HIKONE.jpg,4,6,5,9b63226d9cc00fd6b0600eaa1605cf48a31d978697cff6858e9d625e9b64d190
104,CTY-SHG-KUSATSU,草津市,Kusatsu,PRF-025,assets/app/life/cities/CTY-SHG-KUSATSU.jpg,4,6,6,d225577d22537d4aaae7613e1372772faf22043f35949d02a538111b19068675
105,CTY-WKY-SHIRAHAMA,白浜町,Shirahama,PRF-030,assets/app/life/cities/CTY-WKY-SHIRAHAMA.jpg,5,1,1,501ef9a1933dcbe14fb49ded62fd9377bcca26e07cc679a90a2fcaf482d8988f
106,CTY-WKY-TANABE,田辺市,Tanabe,PRF-030,assets/app/life/cities/CTY-WKY-TANABE.jpg,5,1,2,36ea3fb1306f3954e0c0661081241a75073b2477cf7f9e0d5d01c487cf6713dd
107,CTY-MIE-YOKKAICHI,四日市市,Yokkaichi,PRF-024,assets/app/life/cities/CTY-MIE-YOKKAICHI.jpg,5,1,3,93de97ee0d1564b7f368e4054ea22fcf65d0aa1d76baa236bd2fe23f382019be
108,CTY-MIE-ISE,伊勢市,Ise,PRF-024,assets/app/life/cities/CTY-MIE-ISE.jpg,5,1,4,82b437ca43bdcfc3dfc00d193f70ed6706b5375e9e43549c1f76968fedf34bcf
109,CTY-AIC-TOYOTA,豊田市,Toyota,PRF-023,assets/app/life/cities/CTY-AIC-TOYOTA.jpg,5,1,5,2a80272c9955229b673a9e030db8b85e4f2bb6fa84c0bc9559898fb4ef05743c
110,CTY-AIC-OKAZAKI,岡崎市,Okazaki,PRF-023,assets/app/life/cities/CTY-AIC-OKAZAKI.jpg,5,1,6,24c70d5cee0e829049457634107881039630bd3ecc92eff1b890be2bd7652e5f
111,CTY-AIC-ICHINOMIYA,一宮市,Ichinomiya,PRF-023,assets/app/life/cities/CTY-AIC-ICHINOMIYA.jpg,5,2,1,586fc02838ea5a98a40980cb17240f379502372d82c9fe0907b55f7920d47a29
112,CTY-AIC-TOYOHASHI,豊橋市,Toyohashi,PRF-023,assets/app/life/cities/CTY-AIC-TOYOHASHI.jpg,5,2,2,8a23f2d45e7714eefdacae69b0995f0965853d0d565efe190b5af90748fbdd52
113,CTY-AIC-KARIYA,刈谷市,Kariya,PRF-023,assets/app/life/cities/CTY-AIC-KARIYA.jpg,5,2,3,b6bc1107126fd474c8acf226e29d7309dcb5ff082503c27bec4c21a191255ae8
114,CTY-SZO-HAMAMATSU,浜松市,Hamamatsu,PRF-022,assets/app/life/cities/CTY-SZO-HAMAMATSU.jpg,5,2,4,f39d91f20f397d5640600180e0c5d2d08aa94dab0261c28c23ed679677e0c3aa
115,CTY-SZO-FUJI,富士市,Fuji,PRF-022,assets/app/life/cities/CTY-SZO-FUJI.jpg,5,2,5,d17c647f03f86af9f97a127d37e49d8e81fa714070a2d53e506bd5f994568218
116,CTY-SZO-NUMAZU,沼津市,Numazu,PRF-022,assets/app/life/cities/CTY-SZO-NUMAZU.jpg,5,2,6,a79ecfe332236c3aa044b94756d99523be1f3d7a8c773511066c8418f826a0f5
117,CTY-SZO-ATAMI,熱海市,Atami,PRF-022,assets/app/life/cities/CTY-SZO-ATAMI.jpg,5,3,1,be47a33123aaf7952c890a79fb1b53ace9c9d9799ff0726b3bd494e02a0ffbbe
118,CTY-GIF-TAKAYAMA,高山市,Takayama,PRF-021,assets/app/life/cities/CTY-GIF-TAKAYAMA.jpg,5,3,2,a8e0cd2e0813fe9ab590f3aff3133f51f89ce8325ff115182dedf60d1bda267e
119,CTY-GIF-OGAKI,大垣市,Ogaki,PRF-021,assets/app/life/cities/CTY-GIF-OGAKI.jpg,5,3,3,b2a0a15f5b6d7d1323632b30adb2f8a7090248d740281f1a4b7d65f4257c63d0
120,CTY-GIF-SEKI,関市,Seki,PRF-021,assets/app/life/cities/CTY-GIF-SEKI.jpg,5,3,4,0fd3fe6f6fabe9080ea2f6ace931f31aaca32cf9beb473ef6a1d1b4028d3cae0
121,CTY-NGN-MATSUMOTO,松本市,Matsumoto,PRF-020,assets/app/life/cities/CTY-NGN-MATSUMOTO.jpg,5,3,5,5a456829fc8092f098ea5e9980bec333a4d398d366608c68e1a43afc9b6b0350
122,CTY-NGN-KARUIZAWA,軽井沢町,Karuizawa,PRF-020,assets/app/life/cities/CTY-NGN-KARUIZAWA.jpg,5,3,6,2b5c62d639d4e99804add60377d1c396a7eae71d4eccfa8e7a1982b46dec124d
123,CTY-NGN-UEDA,上田市,Ueda,PRF-020,assets/app/life/cities/CTY-NGN-UEDA.jpg,5,4,1,d7fa1847f33c349cb9ffce661fac91e0dfdd73e6b0992691f9d36dc209525e2c
124,CTY-NIG-NAGAOKA,長岡市,Nagaoka,PRF-015,assets/app/life/cities/CTY-NIG-NAGAOKA.jpg,5,4,2,976fb96e9f35eb58f202bfa6ba73c76d3b448b11ec7dfaa0bd5f9626717f19c3
125,CTY-NIG-JOETSU,上越市,Joetsu,PRF-015,assets/app/life/cities/CTY-NIG-JOETSU.jpg,5,4,3,8f3b5f171fb905031be892b7a5f5676159ea166dd0172b794206cfefc99edf0a
126,CTY-TOY-TAKAOKA,高岡市,Takaoka,PRF-016,assets/app/life/cities/CTY-TOY-TAKAOKA.jpg,5,4,4,61fe3841d2bed2c6f18ca4e4ca6b66716679429bd2e012f8c09f13ba820c5a68
127,CTY-ISK-KOMATSU,小松市,Komatsu,PRF-017,assets/app/life/cities/CTY-ISK-KOMATSU.jpg,5,4,5,735130fe5462d333a61b8d276213a35399db682fba290bf27a355b2c9dc008b6
128,CTY-FKI-TSURUGA,敦賀市,Tsuruga,PRF-018,assets/app/life/cities/CTY-FKI-TSURUGA.jpg,5,4,6,7556b85351b23e85eac45bbe66498b24c26dbe21ee60cd935c94c890b3c7ba01
129,CTY-YMN-FUJIKAWAGUCHIKO,富士河口湖町,Fujikawaguchiko,PRF-019,assets/app/life/cities/CTY-YMN-FUJIKAWAGUCHIKO.jpg,5,5,1,721ea4d9a24c25a6a9b7ca342ef7e765916d0073089597e74065e9ec16bbf929
130,CTY-YMN-HOKUTO,北杜市,Hokuto,PRF-019,assets/app/life/cities/CTY-YMN-HOKUTO.jpg,5,5,2,bd81725382608772bf5b1db7216733b19645739f613e552fa9aba5ba5d07ae41
131,CTY-AIC-INUYAMA,犬山市,Inuyama,PRF-023,assets/app/life/cities/CTY-AIC-INUYAMA.jpg,5,5,3,37d73c869b691daeae3f4ccaa4dccb0f098e714fda9a75cebe2db9abe8184d01
132,CTY-AIC-ANJO,安城市,Anjo,PRF-023,assets/app/life/cities/CTY-AIC-ANJO.jpg,5,5,4,536fb6518f7dd8fad59a47164a13f45a35c1c6e72bedbdf196a3df2c89616752
133,CTY-HKD-OBIHIRO,帯広市,Obihiro,PRF-001,assets/app/life/cities/CTY-HKD-OBIHIRO.jpg,5,5,5,3516aad1bf0ce3665b646fdb3253d0f7dbd0d4e61762f49ff5fab734f1494ce7
134,CTY-AOM-HIROSAKI,弘前市,Hirosaki,PRF-002,assets/app/life/cities/CTY-AOM-HIROSAKI.jpg,5,5,6,d7cc7231e73ee6c3442833124d14cf942171c31cfd6ffe07e029120ac4a90496
135,CTY-HKD-HAKODATE,函館市,Hakodate,PRF-001,assets/app/life/cities/CTY-HKD-HAKODATE.jpg,5,6,1,1aef48ebdb85becee10c4d2915ed590a99f2f40cac33b40ca7e441052a84b2b2
136,CTY-HKD-OTARU,小樽市,Otaru,PRF-001,assets/app/life/cities/CTY-HKD-OTARU.jpg,5,6,2,f98239297a13346830d301842371eb7b26555585a59c5a6e47d52112e47912de
137,CTY-HKD-ASAHIKAWA,旭川市,Asahikawa,PRF-001,assets/app/life/cities/CTY-HKD-ASAHIKAWA.jpg,5,6,3,31df9e7f686a81e4f266f8da69ebe62c6066d8450d15b3b346e59e189b8212f5
138,CTY-AOM-HACHINOHE,八戸市,Hachinohe,PRF-002,assets/app/life/cities/CTY-AOM-HACHINOHE.jpg,5,6,4,26b4759795efc3403dcd8b277010fba3f1c776bc88e6375ad850cecd4c293b16
139,CTY-AOM-MUTSU,むつ市,Mutsu,PRF-002,assets/app/life/cities/CTY-AOM-MUTSU.jpg,5,6,5,2bcbd589952914cbff390b55c06218e4f3aa1c6a1915586355539ff41d1ab3a4
140,CTY-AOM-TOWADA,十和田市,Towada,PRF-002,assets/app/life/cities/CTY-AOM-TOWADA.jpg,5,6,6,2869c89d4fdbf279a6c11d2b4d07578d8c3025504390f8089a61946a4afb477f
141,CTY-IWT-KITAKAMI,北上市,Kitakami,PRF-003,assets/app/life/cities/CTY-IWT-KITAKAMI.jpg,6,1,1,a1686cfb895e67c1207bf1fd80e94f85a109359da8ce4ec66471f77b8acc148c
142,CTY-IWT-HANAMAKI,花巻市,Hanamaki,PRF-003,assets/app/life/cities/CTY-IWT-HANAMAKI.jpg,6,1,2,3579124e8506b0dfba5fd4e9061f81dc417bbb7a87fe657f725cd46f71a842d5
143,CTY-IWT-ICHINOSEKI,一関市,Ichinoseki,PRF-003,assets/app/life/cities/CTY-IWT-ICHINOSEKI.jpg,6,1,3,5723495383ae5c0079b2cfb44483ed262f096a83cdd864ed9f62f1dd1079bbbe
144,CTY-IWT-MIYAKO,宮古市,Miyako,PRF-003,assets/app/life/cities/CTY-IWT-MIYAKO.jpg,6,1,4,1883e3c2582412e32b18a72d0d1b64eec3467848f00d30863322d4252b9bc856
145,CTY-MYG-ISHINOMAKI,石巻市,Ishinomaki,PRF-004,assets/app/life/cities/CTY-MYG-ISHINOMAKI.jpg,6,1,5,b974b224403518f61b230e4122917a38c58a8cf456b0a19c4d05d7ef7baee77b
146,CTY-MYG-SHIOGAMA,塩竃市,Shiogama,PRF-004,assets/app/life/cities/CTY-MYG-SHIOGAMA.jpg,6,1,6,9b14a91f416ae66198f059685e29cc8b02b8445012093b04d2f6f67c4ad1ca68
147,CTY-MYG-KESENNUMA,気仙沼市,Kesennuma,PRF-004,assets/app/life/cities/CTY-MYG-KESENNUMA.jpg,6,2,1,9275989d34eef014d87bc0616c1b0aac11e896b4ac3b307b71197283255b38ed
148,CTY-MYG-MATSUSHIMA,松島町,Matsushima,PRF-004,assets/app/life/cities/CTY-MYG-MATSUSHIMA.jpg,6,2,2,94fdced86b2cb1ad1ac648b99c14ecd4a47197bfc61c86a654e1d7454107ec06
149,CTY-AKT-YOKOTE,横手市,Yokote,PRF-005,assets/app/life/cities/CTY-AKT-YOKOTE.jpg,6,2,3,1599c325ae39e0029d9b54eee19ae2e64862753845a07d1d2f0cd170dd42aaa5
150,CTY-AKT-ODATE,大館市,Odate,PRF-005,assets/app/life/cities/CTY-AKT-ODATE.jpg,6,2,4,444b654b580f9057c169e6aa0a62c4ffcad04991e045f2986bb774f2d0c30fb7
151,CTY-AKT-SEMBOKU,仙北市,Semboku,PRF-005,assets/app/life/cities/CTY-AKT-SEMBOKU.jpg,6,2,5,0bafd4eac0b4b69040495101eac23e2d3e0b7cd9f4752b6c87ec7d48b5b7cc60
152,CTY-AKT-YUZAWA,湯沢市,Yuzawa,PRF-005,assets/app/life/cities/CTY-AKT-YUZAWA.jpg,6,2,6,bc05208bb746d16f9f90424f1fe9cd7876591fe939400ef2e0125cb84989dbae
153,CTY-YGT-TSURUOKA,鶴岡市,Tsuruoka,PRF-006,assets/app/life/cities/CTY-YGT-TSURUOKA.jpg,6,3,1,4a8c98370123ea19b7b89311856b9dfb0495336943170baf6b52dac29a83ce4b
154,CTY-YGT-SAKATA,酒田市,Sakata,PRF-006,assets/app/life/cities/CTY-YGT-SAKATA.jpg,6,3,2,4c32f57344ed19b77739b2e6bc226c14eb1e5c99d080b4e9c04bdb073404a0ed
155,CTY-YGT-YONEZAWA,米沢市,Yonezawa,PRF-006,assets/app/life/cities/CTY-YGT-YONEZAWA.jpg,6,3,3,83e9e97147fabc960cab1b33e4fe29cfcb9507fd938b85417a51da7ced11019d
156,CTY-YGT-TENDO,天童市,Tendo,PRF-006,assets/app/life/cities/CTY-YGT-TENDO.jpg,6,3,4,9d1dffe5dfd5bb959b49cd0af48cbc1003aeb723d5e6345eef1c68a6b29c0157
157,CTY-FKS-AIZUWAKAMATSU,会津若松市,Aizuwakamatsu,PRF-007,assets/app/life/cities/CTY-FKS-AIZUWAKAMATSU.jpg,6,3,5,25c4215e0409b6c9399af96be3263a59c91e75a603d4952a714be5776be6ea45
158,CTY-FKS-KORIYAMA,郡山市,Koriyama,PRF-007,assets/app/life/cities/CTY-FKS-KORIYAMA.jpg,6,3,6,e9d506a5d4a7d3ee328b3aff03ea1ace9dc4913fcc19d89335803db688821823
159,CTY-FKS-SHIRAKAWA,白河市,Shirakawa,PRF-007,assets/app/life/cities/CTY-FKS-SHIRAKAWA.jpg,6,4,1,e5820e820a33f98b2cd0c87ce624651f53590e71e4d319d8e5b280250801fee7
160,CTY-FKS-IWAKI,いわき市,Iwaki,PRF-007,assets/app/life/cities/CTY-FKS-IWAKI.jpg,6,4,2,1bb0a9a23bd64897367c12b4ca0bfea236dedbc5d34e232ebe19120f35eb2b15
161,CTY-OKY-KURASHIKI,倉敷市,Kurashiki,PRF-033,assets/app/life/cities/CTY-OKY-KURASHIKI.jpg,6,4,3,074246988afd6fa87ed2d0aef0bfdb5567c8ebd653f7c49039da75f479d0cfea
162,CTY-OKY-TSUYAMA,津山市,Tsuyama,PRF-033,assets/app/life/cities/CTY-OKY-TSUYAMA.jpg,6,4,4,1e40796ca57fac07e6a8af0937113f40803b0d3024baf16e3852a88492263c96
163,CTY-OKY-KASAOKA,笠岡市,Kasaoka,PRF-033,assets/app/life/cities/CTY-OKY-KASAOKA.jpg,6,4,5,29d10cc02a86cc6cfbfd7165b0920a6acf015e3e92703a58ba6de4ac1bc0c401
164,CTY-OKY-TAKAHASHI,高梁市,Takahashi,PRF-033,assets/app/life/cities/CTY-OKY-TAKAHASHI.jpg,6,4,6,eb959bf4d0cd09dd609eabe0a5857bb0280fdc5960aadf60827f899d7a5cc717
165,CTY-HRS-FUKUYAMA,福山市,Fukuyama,PRF-034,assets/app/life/cities/CTY-HRS-FUKUYAMA.jpg,6,5,1,0ea4d62abba04b9e0651ed0bdad172afdad4b150a4a14947c04cbaf96d615664
166,CTY-HRS-KURE,呉市,Kure,PRF-034,assets/app/life/cities/CTY-HRS-KURE.jpg,6,5,2,f7d4866f80f09dc95cda0766df66d457ae54e690a323c8374547d55c65224285
167,CTY-HRS-ONOMICHI,尾道市,Onomichi,PRF-034,assets/app/life/cities/CTY-HRS-ONOMICHI.jpg,6,5,3,4960ca13dda3498a9923c18007eba88389427209b80ac6ac2b3e655983dccb10
168,CTY-HRS-HATSUKAICHI,廜日市市,Hatsukaichi,PRF-034,assets/app/life/cities/CTY-HRS-HATSUKAICHI.jpg,6,5,4,b741773f393b6a8ed9c6a2021a5d0a44dc0064b84baf5fec0bbd0d8dc9883e40
169,CTY-YMC-SHIMONOSEKI,下関市,Shimonoseki,PRF-035,assets/app/life/cities/CTY-YMC-SHIMONOSEKI.jpg,6,5,5,815241e162bbd05aea700a26c024c1b0015b1650da3ad7cb1d7849c5c5f5ee4b
170,CTY-YMC-UBE,宇部市,Ube,PRF-035,assets/app/life/cities/CTY-YMC-UBE.jpg,6,5,6,d2aa74611da80ff0e3d30939e68344a572f91bb20328e90c3122d92f32d4b1c4
171,CTY-YMC-HAGI,萩市,Hagi,PRF-035,assets/app/life/cities/CTY-YMC-HAGI.jpg,6,6,1,12ae4bf472ea880044fe31a589ea4e7c58c6fcfe9bbc828d383777dced726d10
172,CTY-YMC-IWAKUNI,岩国市,Iwakuni,PRF-035,assets/app/life/cities/CTY-YMC-IWAKUNI.jpg,6,6,2,2d5b1168a007ee7a11cc3fa9c91e3b885dc2ed8d00fb55c6aa8da534644a94bb
173,CTY-TKS-NARUTO,鳴門市,Naruto,PRF-036,assets/app/life/cities/CTY-TKS-NARUTO.jpg,6,6,3,c7a40d015279a963bcd3dc01c7f46125015f23d22bd7c9e62d90a0b5f5dcb9b8
174,CTY-TKS-MIYOSHI,三好市,Miyoshi,PRF-036,assets/app/life/cities/CTY-TKS-MIYOSHI.jpg,6,6,4,8610abeb39b0efb89b308955da63032aa2f1757d9ad92ea46bd900a79550fdbc
175,CTY-TKS-YOSHINOGAWA,吉野川市,Yoshinogawa,PRF-036,assets/app/life/cities/CTY-TKS-YOSHINOGAWA.jpg,6,6,5,1f87068d9a7cd32f8fdd47b6c9fdd652c186f25a554c2ad05b88bb463e1c31f0
176,CTY-TKS-ANAN,阿南市,Anan,PRF-036,assets/app/life/cities/CTY-TKS-ANAN.jpg,6,6,6,51722892ee5b512f3121664907d96172b6fdc98dcd70669d744b02447f0ebe59
177,CTY-KGW-SAKAIDE,坂出市,Sakaide,PRF-037,assets/app/life/cities/CTY-KGW-SAKAIDE.jpg,7,1,1,7ea82682e60f0d9e27f1b1bc3a90f1791aebf81e5e8b7b3f5910769d00631ea1
178,CTY-KGW-MARUGAME,丸亀市,Marugame,PRF-037,assets/app/life/cities/CTY-KGW-MARUGAME.jpg,7,1,2,c60d29d50aebb7962141de27cc2ae4272dbf0dc1fcb1ff777ae5a43346b8ec66
179,CTY-KGW-KANONJI,観音寺市,Kanonji,PRF-037,assets/app/life/cities/CTY-KGW-KANONJI.jpg,7,1,3,f4267d4fced7e6e71eb090d3999381a8ab1a944adb78a7852b5ec1ef503905b0
180,CTY-KGW-ZENTSUJI,善通寺市,Zentsuji,PRF-037,assets/app/life/cities/CTY-KGW-ZENTSUJI.jpg,7,1,4,d247dc94c4a9d32bbd6cd4b730f6ab1408e3e285191bfd90c7998204eb693aeb
181,CTY-EHM-IMABARI,今治市,Imabari,PRF-038,assets/app/life/cities/CTY-EHM-IMABARI.jpg,7,1,5,4379efebc4257f18647bfa595ffdd5bb3a2dc706f8debd606383d86696e8c446
182,CTY-EHM-UWAJIMA,宇和島市,Uwajima,PRF-038,assets/app/life/cities/CTY-EHM-UWAJIMA.jpg,7,1,6,ee6f7d0900d602b53888d510f5023080b409b3fd1fbbf553788dada6c1df1c67
183,CTY-EHM-NIIHAMA,新居浜市,Niihama,PRF-038,assets/app/life/cities/CTY-EHM-NIIHAMA.jpg,7,2,1,6b31db94e215c839f1acaf570348b84aa61bf1b555be2189b9aa3ee84f70cd46
184,CTY-EHM-SAIJO,西条市,Saijo,PRF-038,assets/app/life/cities/CTY-EHM-SAIJO.jpg,7,2,2,b9f7f2fe64b26f2e3aaa0b8959be8c209b8f666a7988ce08521fcdace6e7e395
185,CTY-KCH-NANKOKU,南国市,Nankoku,PRF-039,assets/app/life/cities/CTY-KCH-NANKOKU.jpg,7,2,3,ac01b49ea688e18710810fa02c9965f31149ab10bbc29418b6db3ea8c9947259
186,CTY-KCH-SHIMANTO,四万十市,Shimanto,PRF-039,assets/app/life/cities/CTY-KCH-SHIMANTO.jpg,7,2,4,cfd6ee66c897f425e168ed962e57234653e06b578b9e3aac86e6358e15539d7f
187,CTY-KCH-SUSAKI,須崎市,Susaki,PRF-039,assets/app/life/cities/CTY-KCH-SUSAKI.jpg,7,2,5,b9014a080457977016948c40696dff49d503a2e0a40af43873efed59337e2a11
188,CTY-KCH-AKI,安芸市,Aki,PRF-039,assets/app/life/cities/CTY-KCH-AKI.jpg,7,2,6,52d4bd63e1d6529b96f841b4caa2ad23f49254a91eed4b91126fe75ef4276440
189,CTY-FKO-KITAKYUSHU,北九州市,Kitakyushu,PRF-040,assets/app/life/cities/CTY-FKO-KITAKYUSHU.jpg,7,3,1,0a19479c80cc6026847c1ae8ba58f99569b35830af4e3913fc8ce05a21ee147a
190,CTY-FKO-KURUME,久留米市,Kurume,PRF-040,assets/app/life/cities/CTY-FKO-KURUME.jpg,7,3,2,8d68df06563faab841b1dbf31406aa299ef42955451f3ea822db562ae3cc0f1e
191,CTY-FKO-IIZUKA,飯塚市,Iizuka,PRF-040,assets/app/life/cities/CTY-FKO-IIZUKA.jpg,7,3,3,5a482eb7417cad3af2065d52b8f76b4062dc6376bf7a1ae0ebfc86564812cf3c
192,CTY-FKO-DAZAIFU,太宰府市,Dazaifu,PRF-040,assets/app/life/cities/CTY-FKO-DAZAIFU.jpg,7,3,4,21a24b01691aadeabb43e3a42f3bbf5fffd81e75440d5af1e5e663b9fe4def9c
193,CTY-SAG-KARATSU,唐津市,Karatsu,PRF-041,assets/app/life/cities/CTY-SAG-KARATSU.jpg,7,3,5,240279c027ab5e7c0021e9501c6f4483f24724754e74b9bc15ad484f406e51bf
194,CTY-SAG-IMARI,伊万里市,Imari,PRF-041,assets/app/life/cities/CTY-SAG-IMARI.jpg,7,3,6,a9099cd173b67b3d458ece61f0992ac5a35708bbdca8d8398ea4b1f8c990d84f
195,CTY-SAG-URESHINO,嘉野市,Ureshino,PRF-041,assets/app/life/cities/CTY-SAG-URESHINO.jpg,7,4,1,3259d37744cf45d16caa4cf6e55b803f00cc8dda298a7b712d53676eb7c9f198
196,CTY-NGS-SASEBO,佐世保市,Sasebo,PRF-042,assets/app/life/cities/CTY-NGS-SASEBO.jpg,7,4,2,b44bdc273e9069b0dc4a120458325cbd1a0b09dbaf7fb2b8171ed2e08702ccc7
197,CTY-SAG-TOSU,鳥栖市,Tosu,PRF-041,assets/app/life/cities/CTY-SAG-TOSU.jpg,7,4,3,882a35fffb8d57b6d43fdf6259e8b24257c8b7497bf2fd92b0bcedc6ddd788c1
198,CTY-NGS-SHIMABARA,島原市,Shimabara,PRF-042,assets/app/life/cities/CTY-NGS-SHIMABARA.jpg,7,4,4,682210882ac9218938e81f650fc4a0c5f6c0fa6b28af72b6a572aab0029d5f08
199,CTY-NGS-ISAHAYA,諫早市,Isahaya,PRF-042,assets/app/life/cities/CTY-NGS-ISAHAYA.jpg,7,4,5,73def6ebbce4110e71a967461dace44ee5264cf6f32a7c19b4b26729f515a005
200,CTY-NGS-OMURA,大村市,Omura,PRF-042,assets/app/life/cities/CTY-NGS-OMURA.jpg,7,4,6,b579677da8649eeaf7557f09c7a531a6ac359508b5bfcf44f9ee40a6a875e6e3
201,CTY-KUM-ASO,阿蘇市,Aso,PRF-043,assets/app/life/cities/CTY-KUM-ASO.jpg,7,5,1,d81cb7e1e52d30fc6ea486388dccbdadd8e9f46a34fd9e6a251bf4c7cd6a8829
202,CTY-KUM-YATSUSHIRO,八代市,Yatsushiro,PRF-043,assets/app/life/cities/CTY-KUM-YATSUSHIRO.jpg,7,5,2,f8c324d2e364e60f3812b8be93a81eb92f18af20f7bc7fc45f774605e62b2446
203,CTY-KUM-AMAKUSA,天草市,Amakusa,PRF-043,assets/app/life/cities/CTY-KUM-AMAKUSA.jpg,7,5,3,cc44ec4c3837ac64b029d963ecdd3429fc4592da9567f3bf35d1f310a38d5cdd
204,CTY-KUM-HITOYOSHI,人吉市,Hitoyoshi,PRF-043,assets/app/life/cities/CTY-KUM-HITOYOSHI.jpg,7,5,4,17389de31748c80e991416854813180e2c35d7f0185d2a5f90619572fcbf79c9
205,CTY-OIT-BEPPU,別府市,Beppu,PRF-044,assets/app/life/cities/CTY-OIT-BEPPU.jpg,7,5,5,87955ed242041c2b7d38d78cfba51d210026743e1cd62ba7b3ffd08a52a60bf4
206,CTY-OIT-YUFU,由布市,Yufu,PRF-044,assets/app/life/cities/CTY-OIT-YUFU.jpg,7,5,6,c8947175912be81b36a839e3fc6169bd472d6087bae61f675f167a00cfa47a85
207,CTY-OIT-NAKATSU,中津市,Nakatsu,PRF-044,assets/app/life/cities/CTY-OIT-NAKATSU.jpg,7,6,1,e2c24f26e574c420bcabdfe718fee1603b30dde15471e11b25d7917321af2253
208,CTY-OIT-USA,宇佐市,Usa,PRF-044,assets/app/life/cities/CTY-OIT-USA.jpg,7,6,2,e6cdd04b772bfbdb528be0b2bbfc5a11e0d381a4c14c6b0adff13d65d8369933
209,CTY-MYZ-NOBEOKA,延岡市,Nobeoka,PRF-045,assets/app/life/cities/CTY-MYZ-NOBEOKA.jpg,7,6,3,04ae2f39d04a21aea83d0d6b90bfe0f547dab1d79a41a735721a0132648eae2e
210,CTY-MYZ-MIYAKONOJO,都城市,Miyakonojo,PRF-045,assets/app/life/cities/CTY-MYZ-MIYAKONOJO.jpg,7,6,4,127c91be028ae8109f21b0ba48b55da9f6db163f979d2d9e961a2318d9ea98bf
211,CTY-MYZ-NICHINAN,日南市,Nichinan,PRF-045,assets/app/life/cities/CTY-MYZ-NICHINAN.jpg,7,6,5,1658e541d91ec68eb87d2ba9376b75e37a0af926f614af0191d6ced5627c2aa3
212,CTY-MYZ-TAKACHIHO,高千穂町,Takachiho,PRF-045,assets/app/life/cities/CTY-MYZ-TAKACHIHO.jpg,7,6,6,b16f89637a269699d1013ceedb5f9e33ce4acc87c9afce8e98fac4ac2834a356
213,CTY-KGS-KIRISHIMA,霧島市,Kirishima,PRF-046,assets/app/life/cities/CTY-KGS-KIRISHIMA.jpg,8,1,1,d957670268d3bdf8d9e7b072a65b17c609c3c7eaa7243493e7450bd17e064257
214,CTY-KGS-IBUSUKI,指宿市,Ibusuki,PRF-046,assets/app/life/cities/CTY-KGS-IBUSUKI.jpg,8,1,2,3777a5e752d4752b92d83617b5f053159794925969b5d15006923810c3b7f437
215,CTY-KGS-KANOYA,鹿屋市,Kanoya,PRF-046,assets/app/life/cities/CTY-KGS-KANOYA.jpg,8,1,3,9a8b55d9e02dbf43baaea1fefda92c9259aa446d320fd4d5cda333a0489375db
216,CTY-KGS-SATSUMASENDAI,薩摩川内市,Satsumasendai,PRF-046,assets/app/life/cities/CTY-KGS-SATSUMASENDAI.jpg,8,1,4,55b206f40fc179cca7b997a93e0b3894c5d1b1a4c7427f637334d642ca17d171
217,CTY-OKN-OKINAWACITY,沖縄市,Okinawa City,PRF-047,assets/app/life/cities/CTY-OKN-OKINAWACITY.jpg,8,1,5,95e50753989e71c7e56903c6cc75449bb6dc016d807cc20ba49a20253b61d4d7
218,CTY-OKN-ISHIGAKI,石垣市,Ishigaki,PRF-047,assets/app/life/cities/CTY-OKN-ISHIGAKI.jpg,8,1,6,dea229ac8ce66f3f1fcaf682d4bc0a2978c78644ce026c1b1e16681192271b6a
219,CTY-OKN-NAGO,名護市,Nago,PRF-047,assets/app/life/cities/CTY-OKN-NAGO.jpg,8,2,1,a1a06640ddff5a62a2a80c246c1e3e215213b551374bcb41328eaf9f4eb80467
220,CTY-OKN-URASOE,浦添市,Urasoe,PRF-047,assets/app/life/cities/CTY-OKN-URASOE.jpg,8,2,2,96ecead1af8e42371d091b60cdc72a52b4ef7acd595f4fac643c3be3770df8de
221,CTY-TTR-YONAGO,米子市,Yonago,PRF-031,assets/app/life/cities/CTY-TTR-YONAGO.jpg,8,2,3,db3589b8d84f94aa5ef0d87cb86cbf8a9c4355ef09818ca8264d8755f3f94b3f
222,CTY-TTR-KURAYOSHI,倉吉市,Kurayoshi,PRF-031,assets/app/life/cities/CTY-TTR-KURAYOSHI.jpg,8,2,4,47e10463443964aed94c94a81f6632462bf47e108326f0f3258ea807ab9eb8e7
223,CTY-TTR-IWAMI,岩美町,Iwami,PRF-031,assets/app/life/cities/CTY-TTR-IWAMI.jpg,8,2,5,70711e68475994aac28f04464167391a685e0fb2f2fa99adbb0752dae7cb77be
224,CTY-TTR-SAKAIMINATO,境港市,Sakaiminato,PRF-031,assets/app/life/cities/CTY-TTR-SAKAIMINATO.jpg,8,2,6,6e720b568210659fa7cb68bb2d4ac47f80a7aeb49b785d2f34724632bc983fc2
225,CTY-SMN-IZUMO,出雲市,Izumo,PRF-032,assets/app/life/cities/CTY-SMN-IZUMO.jpg,8,3,1,502d6daac4dc10eb31fc5d01f699a7c2caa13bf57f3f47b724656cde01c08dc1
226,CTY-SMN-HAMADA,浜田市,Hamada,PRF-032,assets/app/life/cities/CTY-SMN-HAMADA.jpg,8,3,2,07e8891909d0ca32a4273305e15661724bda53a79c7ef820a054d17965b68959
227,CTY-SMN-ODA,大田市,Oda,PRF-032,assets/app/life/cities/CTY-SMN-ODA.jpg,8,3,3,ec3ae888fbb102849f3f9167f1a4812e3c0c58f6bbdf0498ced30f573e105cdc
228,CTY-TYM-UOZU,魚津市,Uozu,PRF-016,assets/app/life/cities/CTY-TYM-UOZU.jpg,8,3,4,87ecba51209e3000d5d527be90871af3a497b5a906b93e5b9b75dc1f78bd7852
229,CTY-TYM-KUROBE,黒部市,Kurobe,PRF-016,assets/app/life/cities/CTY-TYM-KUROBE.jpg,8,3,5,c0adba0a6a3db120e291c74d1bc442118bdcd938bacaf02331a7d5f61a3f6dc4
230,CTY-TYM-NANTO,南砺市,Nanto,PRF-016,assets/app/life/cities/CTY-TYM-NANTO.jpg,8,3,6,86838d9b3722460b295f0e59f1bbdeba98e4e555e0b0964607df6440ef354e47
231,CTY-ISK-KAGA,加賀市,Kaga,PRF-017,assets/app/life/cities/CTY-ISK-KAGA.jpg,8,4,1,47c2477b50d0935b2bab98b6ec53ebbcf3cabf5dac455e87f9eb0ab4a50a0a31
232,CTY-ISK-WAJIMA,輪島市,Wajima,PRF-017,assets/app/life/cities/CTY-ISK-WAJIMA.jpg,8,4,2,4e3f278fa91ff283a418738f1882a1ef75ba57f4beb82e0b995a06e33270dac4
233,CTY-ISK-NANAO,七尾市,Nanao,PRF-017,assets/app/life/cities/CTY-ISK-NANAO.jpg,8,4,3,b207530637df1bd474f30de3ac09f4bdc530ee0adbf2fe67b233d66571e0e01c
234,CTY-SMN-MASUDA,益田市,Masuda,PRF-032,assets/app/life/cities/CTY-SMN-MASUDA.jpg,8,4,4,6209ef1741fd8d3f679091b68c063d0e11b20a066e5a10fb598f7be69d5523e8
235,CTY-FKI-SABAE,鯖江市,Sabae,PRF-018,assets/app/life/cities/CTY-FKI-SABAE.jpg,8,4,5,798fc912097c50a03be84f09c8686b47c7ffa1749f96878d0c8423207854b82b
236,CTY-FKI-OBAMA,小浜市,Obama,PRF-018,assets/app/life/cities/CTY-FKI-OBAMA.jpg,8,4,6,d98cf6b3f7b51efc2e0deb77c553ea1a552bd1c9bde14706df003f800be75f89
237,CTY-TCG-ASHIKAGA,足利市,Ashikaga,PRF-009,assets/app/life/cities/CTY-TCG-ASHIKAGA.jpg,8,5,1,2ec59d4c88f1501c5b806362c0cabb0c8ebf7c4d5be21001a8938b0c1aca580f
238,CTY-FKI-ECHIZEN,越前市,Echizen,PRF-018,assets/app/life/cities/CTY-FKI-ECHIZEN.jpg,8,5,2,3b0d76e89f8af653f3ac077880e4c058fc45e7b025f86fa049ec054be19fb3ab
239,CTY-GNM-SHIBUKAWA,渋川市,Shibukawa,PRF-010,assets/app/life/cities/CTY-GNM-SHIBUKAWA.jpg,8,5,3,9470c308bc900c7460317a82735204bfcc21bf6cd98a6d48cb2bb2709e878214
240,CTY-TCG-NASUSHIOBARA,那須塩原市,Nasushiobara,PRF-009,assets/app/life/cities/CTY-TCG-NASUSHIOBARA.jpg,8,5,4,6d4e72f1ec3ecdc1876862b80bf3d87f08628efa9c9790fc3187d86db65fade1
241,CTY-NGT-SANJO,三条市,Sanjo,PRF-015,assets/app/life/cities/CTY-NGT-SANJO.jpg,8,5,5,867167b3e97a8ce3b09d3625674734fcdd25473a49114856188a5638d02bb872
242,CTY-NGT-MURAKAMI,村上市,Murakami,PRF-015,assets/app/life/cities/CTY-NGT-MURAKAMI.jpg,8,5,6,9cf993efe78e9d5fd0d4aba797ee845e24eb15dcb67deb050f73a1831035d3a3
243,CTY-GNM-OTAGUNMA,太田市,Ota (Gunma),PRF-010,assets/app/life/cities/CTY-GNM-OTAGUNMA.jpg,8,6,1,6deca5be73f925aee72c2f3ebd8f3c6d20c265082b306497988dd806878debd4
244,CTY-YMN-FUEFUKI,笛吹市,Fuefuki,PRF-019,assets/app/life/cities/CTY-YMN-FUEFUKI.jpg,8,6,2,e05b2d8f144a8fd450a1558f0b0d912830796730f00b54384d2d7bb8fab28557
245,CTY-YMN-OTSUKI,大月市,Otsuki,PRF-019,assets/app/life/cities/CTY-YMN-OTSUKI.jpg,8,6,3,698846938b6c9c5edd3ba4d93ee00bc28c7f676e3308d995db59de6a3f26d12c
246,CTY-MIE-MATSUSAKA,松阪市,Matsusaka,PRF-024,assets/app/life/cities/CTY-MIE-MATSUSAKA.jpg,8,6,4,4b6283cc79d30a81a36c684057b9f48ecedc220bd00218ce21d0aec7d5c42f3c
247,CTY-MIE-TOBA,鳥羽市,Toba,PRF-024,assets/app/life/cities/CTY-MIE-TOBA.jpg,8,6,5,3cee1d5641921d65c3c93a15a58bca2f5131b302687c33997abf3509ae8c372c
248,CTY-SHG-NAGAHAMA,長浜市,Nagahama,PRF-025,assets/app/life/cities/CTY-SHG-NAGAHAMA.jpg,8,6,6,99a868868492d3aa716cc41fc569595fb45fb89d8957bbca9ed664557e560985
249,CTY-NAR-TENRI,天理市,Tenri,PRF-029,assets/app/life/cities/CTY-NAR-TENRI.jpg,9,1,1,3f5cd0f4879f4fe42db1851f3775b7fa26cfdd1879715aa51b1a4107753fe260
250,CTY-SHG-OMIHACHIMAN,近江八幡市,Omihachiman,PRF-025,assets/app/life/cities/CTY-SHG-OMIHACHIMAN.jpg,9,1,2,411ac04213561c7564af8cbfc31222bad0277303a4e216a111aeac189a45d4ee
251,CTY-NAR-YOSHINO,吉野町,Yoshino,PRF-029,assets/app/life/cities/CTY-NAR-YOSHINO.jpg,9,1,3,43465fd4273407d7eda0c3f9a2f7d779c9730528b7f08bec4ada614cd677fff9
252,CTY-WKY-KOYA,高野町,Koya,PRF-030,assets/app/life/cities/CTY-WKY-KOYA.jpg,9,1,4,de6a65b504957ac6b912fedb769f384992b42fbaf27b3a7c80599ec2bcd89fff
253,CTY-WKY-KAINAN,海南市,Kainan,PRF-030,assets/app/life/cities/CTY-WKY-KAINAN.jpg,9,2,1,9bf339b88d7205dd94478664b22d0de64cd632c8d12e4a962379522ca4e5c784
254,CTY-NGN-SUWA,諼訪市,Suwa,PRF-020,assets/app/life/cities/CTY-NGN-SUWA.jpg,9,2,2,af29fc1d5e9195c638f25f476b655bc46a3b1ae1870cbdb919744da2efc8eda5
255,CTY-IBR-BANDO,坂東市,Bando,PRF-008,assets/app/life/cities/CTY-IBR-BANDO.jpg,9,2,3,2effac954bc9a2cc7af4f7fe2e251c01a2461530dc1a5d0c3f2ccbd5e64896c5
256,CTY-GIF-GERO,下呂市,Gero,PRF-021,assets/app/life/cities/CTY-GIF-GERO.jpg,9,2,4,bc7afc9839b8efd76eb626c9744cddbdae894a17352c3463d975c3b753614dbe
257,CTY-TKY-SUMIDA,墨田区,Sumida,PRF-013,assets/app/life/cities/CTY-TKY-SUMIDA.jpg,9,3,1,6954f031350596841a132822bf62a2744ccd88fd3606d533b1b213d6d8b775b8
258,CTY-TKY-MURAYAMA,武蔵村山市,Musashi-Murayama,PRF-013,assets/app/life/cities/CTY-TKY-MURAYAMA.jpg,9,3,2,350ee199536f05390601e51c1de1d0c47c0da1189cc19df36c2b95e7e010e6f3
259,CTY-TKY-BUNKYO,文京区,Bunkyo,PRF-013,assets/app/life/cities/CTY-TKY-BUNKYO.jpg,9,3,3,3ce8a5fc80549aa425fc276a94b781e0220bdbae6c3cb2de49af1204a0e04a67
260,CTY-TKY-CHIYODA,千代田区,Chiyoda,PRF-013,assets/app/life/cities/CTY-TKY-CHIYODA.jpg,9,3,4,9c52258eaf9122130bcc8006c5154c47f87e52ed4112856ef58d1fc055f249be
